<ImportExportXml xmlns:xsi="http://www.w3.org/2001/XMLSchema-instance">
  <Entities></Entities>
  <Roles></Roles>
  <Workflows></Workflows>
  <FieldSecurityProfiles></FieldSecurityProfiles>
  <Templates />
  <EntityMaps />
  <EntityRelationships />
  <OrganizationSettings />
  <optionsets />
  <CustomControls />
  <EntityDataProviders />
  <CanvasApps>
    <CanvasApp>
      <Name>msbuild_citiesdemo_6d1ca</Name>
      <AppVersion>2023-05-31T23:19:09Z</AppVersion>
      <Status>Ready</Status>
      <CreatedByClientVersion>3.23052.29.0</CreatedByClientVersion>
      <MinClientVersion>3.23052.29.0</MinClientVersion>
      <Tags>{"primaryDeviceWidth":"1366","primaryDeviceHeight":"768","supportsPortrait":"true","supportsLandscape":"true","primaryFormFactor":"Tablet","publisherVersion":"3.23052.29","minimumRequiredApiVersion":"2.2.0","hasComponent":"false","hasUnlockedComponent":"false","isUnifiedRootApp":"false"}</Tags>
      <IsCdsUpgraded>0</IsCdsUpgraded>
      <GalleryItemId xsi:nil="true"></GalleryItemId>
      <BackgroundColor>RGBA(0,176,240,1)</BackgroundColor>
      <DisplayName>CitiesDemo</DisplayName>
      <Description xsi:nil="true"></Description>
      <CommitMessage xsi:nil="true"></CommitMessage>
      <Publisher xsi:nil="true"></Publisher>
      <AuthorizationReferences>[]</AuthorizationReferences>
      <ConnectionReferences>{"24be1817-6d5c-49d0-a1bc-651bb8b9097b":{"id":"/providers/microsoft.powerapps/apis/shared_new-5fppcitiesdemo-5fconnector-5fad84488acc8b1b71","displayName":"PPCitiesDemo_Connector","iconUri":"https://az787822.vo.msecnd.net/defaulticons/api-dedicated.png","dataSources":["PPCitiesDemo_Connector"],"dependencies":[],"dependents":[],"parameterHints":{},"parameterHintsV2":{},"isOnPremiseConnection":false,"dataSets":{},"apiTier":"Standard","actions":["GetCountries","GetCities"],"customApiLogicalName":"new_ppcitiesdemo-5Fconnector","isCustomApiSolutionAware":true}}</ConnectionReferences>
      <DatabaseReferences>{}</DatabaseReferences>
      <AppComponents>[]</AppComponents>
      <AppComponentDependencies>[]</AppComponentDependencies>
      <CanConsumeAppPass>1</CanConsumeAppPass>
      <CanvasAppType>0</CanvasAppType>
      <BypassConsent>0</BypassConsent>
      <AdminControlBypassConsent>0</AdminControlBypassConsent>
      <EmbeddedApp xsi:nil="true"></EmbeddedApp>
      <IntroducedVersion>1.0</IntroducedVersion>
      <CdsDependencies>{"cdsdependencies":[{"logicalname":"new_ppcitiesdemo-5Fconnector","componenttype":372,"componenttypeplatformname":"connector"}]}</CdsDependencies>
      <IsCustomizable>1</IsCustomizable>
      <BackgroundImageUri>/CanvasApps/msbuild_citiesdemo_6d1ca_BackgroundImageUri</BackgroundImageUri>
      <DocumentUri>/CanvasApps/msbuild_citiesdemo_6d1ca_DocumentUri.msapp</DocumentUri>
    </CanvasApp>
  </CanvasApps>
  <Connectors>
    <Connector>
      <connectorid>f86f1b1f-0900-ee11-8f6e-00224809bc5b</connectorid>
      <description></description>
      <displayname>PPCitiesDemo_Connector</displayname>
      <iconbrandcolor>#007ee5</iconbrandcolor>
      <name>new_ppcitiesdemo-5Fconnector</name>
      <connectortype>1</connectortype>
      <openapidefinition>/Connector/new_ppcitiesdemo-5Fconnector_openapidefinition.json</openapidefinition>
      <connectionparameters>/Connector/new_ppcitiesdemo-5Fconnector_connectionparameters.json</connectionparameters>
      <policytemplateinstances>/Connector/new_ppcitiesdemo-5Fconnector_policytemplateinstances.json</policytemplateinstances>
    </Connector>
  </Connectors>
  <Languages>
    <Language>1033</Language>
  </Languages>
</ImportExportXml>